{
    "RandomForest": {
        "accuracy": 1.0,
        "precision": 1.0,
        "recall": 1.0,
        "f1_score": 1.0,
        "roc_auc": 1.0,
        "brier_score": 1.6342592592592598e-05
    },
    "GradientBoosting": {
        "accuracy": 1.0,
        "precision": 1.0,
        "recall": 1.0,
        "f1_score": 1.0,
        "roc_auc": 1.0,
        "brier_score": 1.3938481068049979e-14
    },
    "LogisticRegression": {
        "accuracy": 0.9997916666666666,
        "precision": 1.0,
        "recall": 0.918918918918919,
        "f1_score": 0.9577464788732394,
        "roc_auc": 0.9999924731526765,
        "brier_score": 0.00026743539677970583
    },
    "clustering_silhouette_score": 0.2223721952808469
}